{
  "project_info": {
    "project_number": "1006733088809",
    "firebase_url": "https://loginwithfirebase-8eded.firebaseio.com",
    "project_id": "loginwithfirebase-8eded",
    "storage_bucket": "loginwithfirebase-8eded.appspot.com"
  },
  "client": [
    {
      "client_info": {
        "mobilesdk_app_id": "1:1006733088809:android:43a2e27685da4508",
        "android_client_info": {
          "package_name": "com.example.loginwithfirebase"
        }
      },
      "oauth_client": [
        {
          "client_id": "1006733088809-fu8gtj1ltb2kgbilm3a4n2trjl9bmb45.apps.googleusercontent.com",
          "client_type": 1,
          "android_info": {
            "package_name": "com.example.loginwithfirebase",
            "certificate_hash": "30586cde852412404cb2ac124b0d0ce598d4bc67"
          }
        },
        {
          "client_id": "1006733088809-jmao0f40kgggm3lipng46rr1r6s2a6l7.apps.googleusercontent.com",
          "client_type": 3
        }
      ],
      "api_key": [
        {
          "current_key": "AIzaSyDe_uigYkDSQjhbKJW1phrungBAftVjtUQ"
        }
      ],
      "services": {
        "appinvite_service": {
          "other_platform_oauth_client": [
            {
              "client_id": "1006733088809-jmao0f40kgggm3lipng46rr1r6s2a6l7.apps.googleusercontent.com",
              "client_type": 3
            }
          ]
        }
      }
    }
  ],
  "configuration_version": "1"
}